{
  "ResultsUIPosition": {
    "x": -3.056244,
    "y": 3.290903,
    "z": 1.865997
  },
  "ResultsUIRotation": {
    "x": 337.0701,
    "y": 296.0404,
    "z": 3.162887
  },
  "PauseUIPosition": {
    "x": -3.009932,
    "y": 1.422216,
    "z": 0.1275557
  },
  "PauseUIRotation": {
    "x": 0.9301421,
    "y": 271.6366,
    "z": 0.4265506
  },
  "ShowInPauseMenu": true,
  "ShowInCompletionScreen": true,
  "ShowHandle": false,
  "TrueCutOffsets": true
}